,experimental_group,False,True,percent_experimental_group
0,A,517,310,37.48488512696493
1,B,571,255,30.871670702179177
